"title","lemma","frequency"
"BuchDerNatur","Blähung",1
"BuchDerNatur","Meinung",1
"BuchDerNatur","Mischung",2
"BuchDerNatur","Nahrung",8
"BuchDerNatur","Verstopfung",3
"GartDerGesundheit","Abnehmung",1
"GartDerGesundheit","Aufmerkung",1
"GartDerGesundheit","Ausfallung",2
"GartDerGesundheit","Bestopfung",8
"GartDerGesundheit","Dämpfung",1
"GartDerGesundheit","Durchwandrung",1
"GartDerGesundheit","Entwerfung",1
"GartDerGesundheit","Ergötzung",1
"GartDerGesundheit","Füllung",1
"GartDerGesundheit","Feuchtung",13
"GartDerGesundheit","Hoffnung",1
"GartDerGesundheit","Kitzelung",1
"GartDerGesundheit","Konterfeiung",1
"GartDerGesundheit","Meinung",1
"GartDerGesundheit","Ordnung",2
"GartDerGesundheit","Reizung",1
"GartDerGesundheit","Säuerung",1
"GartDerGesundheit","Süchtung",3
"GartDerGesundheit","Schärfung",1
"GartDerGesundheit","Speisung",1
"GartDerGesundheit","Stärkung",2
"GartDerGesundheit","Stopfung",1
"GartDerGesundheit","Teuerung",1
"GartDerGesundheit","Vergiftigung",1
"GartDerGesundheit","Verhärtung",1
"GartDerGesundheit","Vermischung",1
"GartDerGesundheit","Verstopfung",2
"ArtzneyBuchleinDerKreutter","Abnehmung",1
"ArtzneyBuchleinDerKreutter","Bestopfung",1
"ArtzneyBuchleinDerKreutter","Dauung",3
"ArtzneyBuchleinDerKreutter","Erleuchtung",1
"ArtzneyBuchleinDerKreutter","Fäulung",3
"ArtzneyBuchleinDerKreutter","Fristung",1
"ArtzneyBuchleinDerKreutter","Mischung",1
"ArtzneyBuchleinDerKreutter","Ordnung",1
"ArtzneyBuchleinDerKreutter","Purgierung",1
"ArtzneyBuchleinDerKreutter","Schürfung",1
"ArtzneyBuchleinDerKreutter","Stärkung",2
"ArtzneyBuchleinDerKreutter","Vertreibung",1
"ContrafaytKreuterbuch","Anzeigung",1
"ContrafaytKreuterbuch","Übung",1
"ContrafaytKreuterbuch","Bereitung",1
"ContrafaytKreuterbuch","Beschreibung",8
"ContrafaytKreuterbuch","Blähung",1
"ContrafaytKreuterbuch","Dauung",1
"ContrafaytKreuterbuch","Einleitung",1
"ContrafaytKreuterbuch","Entschuldigung",1
"ContrafaytKreuterbuch","Mannigfaltigung",1
"ContrafaytKreuterbuch","Meinung",13
"ContrafaytKreuterbuch","Neigung",1
"ContrafaytKreuterbuch","Ordnung",2
"ContrafaytKreuterbuch","Sähung",1
"ContrafaytKreuterbuch","Sammlung",1
"ContrafaytKreuterbuch","Spaltung",1
"ContrafaytKreuterbuch","Stärkung",2
"ContrafaytKreuterbuch","Stopfung",1
"ContrafaytKreuterbuch","Temperierung",1
"ContrafaytKreuterbuch","Vermischung",1
"ContrafaytKreuterbuch","Wirkung",3
"NewKreuetterBuch","Abmalung",2
"NewKreuetterBuch","Aufblähung",2
"NewKreuetterBuch","Aufenthaltung",2
"NewKreuetterBuch","Behausung",1
"NewKreuetterBuch","Beschreibung",1
"NewKreuetterBuch","Blähung",1
"NewKreuetterBuch","Darstellung",2
"NewKreuetterBuch","Entzündung",1
"NewKreuetterBuch","Erfahrung",2
"NewKreuetterBuch","Erklärung",1
"NewKreuetterBuch","Hinlegung",1
"NewKreuetterBuch","Mästung",1
"NewKreuetterBuch","Meinung",4
"NewKreuetterBuch","Nahrung",1
"NewKreuetterBuch","Ringerung",1
"NewKreuetterBuch","Vermischung",2
"NewKreuetterBuch","Warnung",2
"NewKreuetterBuch","Wirkung",18
"NewKreuetterBuch","Wohnung",2
"NewKreuetterBuch","Zielung",1
"NewKreuetterBuch","Zweiflung",1
"NewKreuetterbbuch","Bestreichung",1
"NewKreuetterbbuch","Dauung",1
"NewKreuetterbbuch","Entzündung",3
"NewKreuetterbbuch","Heilung",1
"NewKreuetterbbuch","Irrung",1
"NewKreuetterbbuch","Stärkung",1
"NewKreuetterbbuch","Stillung",2
"NewKreuetterbbuch","Tötung",1
"NewKreuetterbbuch","Verstopfung",1
"NewKreuetterbbuch","Verwundung",1
"NewKreuetterbbuch","Wachsung",17
"NewKreuetterbbuch","Wirkung",19
"NewKreuetterbbuch","Wohnung",1
"NewKreuetterbbuch","Zerbrechung",1
"NewKreuetterbbuch","Zerknirschung",1
"NewKreuetterbbuch","Zerknitschung",1
"NewKreuetterbbuch","Zusammenziehung",1
"WieSichMeniglich","Austeilung",1
"WieSichMeniglich","Beschreibung",2
"WieSichMeniglich","Bestätigung",1
"WieSichMeniglich","Dauung",1
"WieSichMeniglich","Einsammlung",1
"WieSichMeniglich","Erfahrung",2
"WieSichMeniglich","Erscheinung",1
"WieSichMeniglich","Machung",1
"WieSichMeniglich","Meinung",1
"WieSichMeniglich","Meldung",1
"WieSichMeniglich","Rechnung",1
"WieSichMeniglich","Reinigung",1
"WieSichMeniglich","Sähung",1
"WieSichMeniglich","Suchung",1
"WieSichMeniglich","Vermengung",1
"WieSichMeniglich","Vermischung",2
"WieSichMeniglich","Verstopfung",1
"WieSichMeniglich","Wirkung",6
"NewKreueterbuch","Erfahrung",1
"NewKreueterbuch","Lesung",1
"NewKreueterbuch","Mästung",1
"NewKreueterbuch","Versehrung",1
"NewKreueterbuch","Wirkung",4
"Paradeiszgaertlein","Bedeutung",2
"Paradeiszgaertlein","Deutung",1
"Paradeiszgaertlein","Erfahrung",1
"Paradeiszgaertlein","Kühlung",1
"Paradeiszgaertlein","Stärkung",1
"Paradeiszgaertlein","Verführung",1
"Paradeiszgaertlein","Vergiftung",1
"Paradeiszgaertlein","Verstopfung",2
"Paradeiszgaertlein","Wirkung",16
"AlchymistischePractic","Achtung",1
"AlchymistischePractic","Destillierung",2
"AlchymistischePractic","Fäulung",2
"AlchymistischePractic","Läuterung",1
"AlchymistischePractic","Rektifizierung",2
"AlchymistischePractic","Scheidung",1
"AlchymistischePractic","Verleihung",1
"AlchymistischePractic","Verletzung",1
"AlchymistischePractic","Wirkung",2
"HortulusSanitatis","Dauung",2
"HortulusSanitatis","Entzündung",2
"HortulusSanitatis","Verblutung",4
"HortulusSanitatis","Verderbung",1
"HortulusSanitatis","Verhärtung",1
"HortulusSanitatis","Verstopfung",4
"HortulusSanitatis","Verzehrung",1
"HortulusSanitatis","Wirkung",1
"HortulusSanitatis","Zeitigung",1
"KraeuterbuchDesEdelen","Auflösung",1
"KraeuterbuchDesEdelen","Ausweisung",1
"KraeuterbuchDesEdelen","Bereitung",1
"KraeuterbuchDesEdelen","Dauung",1
"KraeuterbuchDesEdelen","Erweichung",1
"KraeuterbuchDesEdelen","Löschung",2
"KraeuterbuchDesEdelen","Linderung",1
"KraeuterbuchDesEdelen","Reinigung",3
"KraeuterbuchDesEdelen","Stärkung",2
"KraeuterbuchDesEdelen","Weichung",18
"KraeuterbuchDesEdelen","Zeitigung",5
"PflantzGart","Abteilung",4
"PflantzGart","Abwendung",1
"PflantzGart","Achtung",4
"PflantzGart","Andeutung",1
"PflantzGart","Anleitung",1
"PflantzGart","Anstellung",1
"PflantzGart","Übung",2
"PflantzGart","Aufachtung",3
"PflantzGart","Auffung",1
"PflantzGart","Auslegung",1
"PflantzGart","Behausung",2
"PflantzGart","Beschirmung",1
"PflantzGart","Betrachtung",1
"PflantzGart","Beweisung",2
"PflantzGart","Erfahrung",1
"PflantzGart","Erhaltung",1
"PflantzGart","Erinnerung",2
"PflantzGart","Erzählung",1
"PflantzGart","Gattung",25
"PflantzGart","Meinung",2
"PflantzGart","Meldung",1
"PflantzGart","Nachrichtung",1
"PflantzGart","Nahrung",6
"PflantzGart","Ordnung",4
"PflantzGart","Pflanzung",1
"PflantzGart","Verbesserung",2
"PflantzGart","Verdeutschung",2
"PflantzGart","Verhütung",1
"PflantzGart","Verwunderung",2
"PflantzGart","Wirkung",2
"PflantzGart","Witterung",1
"PflantzGart","Wohnung",1
"PflantzGart","Zeitigung",4
"Wund-Artzney","Bereitung",1
"Wund-Artzney","Beschreibung",2
"Wund-Artzney","Bewegung",1
"Wund-Artzney","Erfahrung",1
"Wund-Artzney","Erhaltung",1
"Wund-Artzney","Fäulung",3
"Wund-Artzney","Heilung",2
"Wund-Artzney","Hoffnung",1
"Wund-Artzney","Meinung",5
"Wund-Artzney","Vertreibung",2
"Wund-Artzney","Verwunderung",1
"Wund-Artzney","Wahrnehmung",4
"Wund-Artzney","Wirkung",4
"Phythologia","Fäulung",1
"Phythologia","Verstopfung",2
"Phythologia","Wirkung",8
"Phythologia","Wohnung",1
"ThesaurusSanitatis","Achtung",1
"ThesaurusSanitatis","Beleidigung",1
"ThesaurusSanitatis","Beschwerung",1
"ThesaurusSanitatis","Besserung",1
"ThesaurusSanitatis","Bewegung",2
"ThesaurusSanitatis","Empfangung",1
"ThesaurusSanitatis","Fäulung",1
"ThesaurusSanitatis","Hoffnung",1
"ThesaurusSanitatis","Kühlung",1
"ThesaurusSanitatis","Reinigung",2
"ThesaurusSanitatis","Stärkung",1
"ThesaurusSanitatis","Verlierung",1
"ThesaurusSanitatis","Verunreinigung",1
"ThesaurusSanitatis","Verwunderung",1
"ThesaurusSanitatis","Wirkung",4
"SonderbaresKraeuterbuch","Beschwerung",4
"SonderbaresKraeuterbuch","Bezauberung",1
"SonderbaresKraeuterbuch","Blähung",1
"SonderbaresKraeuterbuch","Dauung",2
"SonderbaresKraeuterbuch","Entzündung",4
"SonderbaresKraeuterbuch","Gattung",1
"SonderbaresKraeuterbuch","Martung",1
"SonderbaresKraeuterbuch","Meinung",1
"SonderbaresKraeuterbuch","Ordnung",1
"SonderbaresKraeuterbuch","Vermehrung",11
"SonderbaresKraeuterbuch","Verstopfung",10
"SonderbaresKraeuterbuch","Wartung",3
"SonderbaresKraeuterbuch","Wirkung",1
"SonderbaresKraeuterbuch","Zubereitung",21
"SchweizerischerBotanicus","Beobachtung",2
"SchweizerischerBotanicus","Gattung",4
"SchweizerischerBotanicus","Hornung",4
"SchweizerischerBotanicus","Neigung",1
"SchweizerischerBotanicus","Nutzung",1
"SchweizerischerBotanicus","Pflanzung",4
"SchweizerischerBotanicus","Zeitigung",3
"TheatrumBotanicum","Aufblähung",4
"TheatrumBotanicum","Dauung",1
"TheatrumBotanicum","Erklärung",1
"TheatrumBotanicum","Fäulung",3
"TheatrumBotanicum","Gattung",1
"TheatrumBotanicum","Reinigung",6
"TheatrumBotanicum","Vergiftung",2
"TheatrumBotanicum","Verstopfung",4
"TheatrumBotanicum","Wirkung",1
"TheatrumBotanicum","Zeitigung",1
"ViridariumReformatum","Abbildung",2
"ViridariumReformatum","Abziehung",1
"ViridariumReformatum","Anmerkung",1
"ViridariumReformatum","Ergötzung",1
"ViridariumReformatum","Ermüdung",1
"ViridariumReformatum","Gärung",1
"ViridariumReformatum","Gattung",5
"ViridariumReformatum","Schwierung",1
"ViridariumReformatum","Untersuchung",1
"ViridariumReformatum","Zubereitung",1
"FloraSaturnizans","Achtung",2
"FloraSaturnizans","Aufsüßung",1
"FloraSaturnizans","Aufsteigung",1
"FloraSaturnizans","Ausgießung",1
"FloraSaturnizans","Auslaugung",2
"FloraSaturnizans","Bereitung",1
"FloraSaturnizans","Beschreibung",1
"FloraSaturnizans","Beurteilung",2
"FloraSaturnizans","Bezeugung",1
"FloraSaturnizans","Darstellung",1
"FloraSaturnizans","Erfahrung",1
"FloraSaturnizans","Erhöhung",1
"FloraSaturnizans","Erkundigung",1
"FloraSaturnizans","Erzählung",2
"FloraSaturnizans","Fäulung",1
"FloraSaturnizans","Fertigung",1
"FloraSaturnizans","Gärung",2
"FloraSaturnizans","Kristallisierung",1
"FloraSaturnizans","Machung",2
"FloraSaturnizans","Meinung",1
"FloraSaturnizans","Mischung",1
"FloraSaturnizans","Scheidung",2
"FloraSaturnizans","Untersuchung",5
"FloraSaturnizans","Verhandlung",1
"FloraSaturnizans","Verhinderung",1
"FloraSaturnizans","Verrauchung",1
"FloraSaturnizans","Verrichtung",1
"FloraSaturnizans","Versetzung",1
"FloraSaturnizans","Vertröstung",1
"FloraSaturnizans","Verwirrung",1
"FloraSaturnizans","Wiederholung",1
"MysterivmSigillorvm","Aufblähung",1
"MysterivmSigillorvm","Beschreibung",1
"MysterivmSigillorvm","Beschwerung",4
"MysterivmSigillorvm","Betrachtung",1
"MysterivmSigillorvm","Entzündung",2
"MysterivmSigillorvm","Erklärung",1
"MysterivmSigillorvm","Fäulung",1
"MysterivmSigillorvm","Gattung",3
"MysterivmSigillorvm","Heilung",1
"MysterivmSigillorvm","Mischung",1
"MysterivmSigillorvm","Nahrung",1
"MysterivmSigillorvm","Reifung",1
"MysterivmSigillorvm","Reinigung",1
"MysterivmSigillorvm","Stärkung",1
"MysterivmSigillorvm","Unterredung",1
"MysterivmSigillorvm","Verblutung",1
"MysterivmSigillorvm","Versehrung",4
"MysterivmSigillorvm","Verstopfung",4
"MysterivmSigillorvm","Verzauberung",1
"MysterivmSigillorvm","Wirkung",1
"MysterivmSigillorvm","Zerstörung",1
"BlackwellischesKraeuterbuch","Abteilung",1
"BlackwellischesKraeuterbuch","Bähung",1
"BlackwellischesKraeuterbuch","Beschreibung",1
"BlackwellischesKraeuterbuch","Blähung",1
"BlackwellischesKraeuterbuch","Entzündung",3
"BlackwellischesKraeuterbuch","Erfahrung",1
"BlackwellischesKraeuterbuch","Ermangelung",1
"BlackwellischesKraeuterbuch","Reinigung",1
"BlackwellischesKraeuterbuch","Veränderung",1
"BlackwellischesKraeuterbuch","Verblutung",2
"BlackwellischesKraeuterbuch","Versehrung",1
"BlackwellischesKraeuterbuch","Verstopfung",2
"BlackwellischesKraeuterbuch","Witterung",1
"EinleitungZuDerKraeuterkenntnisz","Öffnung",1
"EinleitungZuDerKraeuterkenntnisz","Abteilung",16
"EinleitungZuDerKraeuterkenntnisz","Anordnung",1
"EinleitungZuDerKraeuterkenntnisz","Ansehung",2
"EinleitungZuDerKraeuterkenntnisz","Bedeckung",4
"EinleitungZuDerKraeuterkenntnisz","Befruchtung",1
"EinleitungZuDerKraeuterkenntnisz","Bekleidung",1
"EinleitungZuDerKraeuterkenntnisz","Benennung",3
"EinleitungZuDerKraeuterkenntnisz","Beschreibung",1
"EinleitungZuDerKraeuterkenntnisz","Einrichtung",1
"EinleitungZuDerKraeuterkenntnisz","Einteilung",1
"EinleitungZuDerKraeuterkenntnisz","Entwicklung",1
"EinleitungZuDerKraeuterkenntnisz","Gattung",120
"EinleitungZuDerKraeuterkenntnisz","Mündung",8
"EinleitungZuDerKraeuterkenntnisz","Richtung",3
"EinleitungZuDerKraeuterkenntnisz","Trennung",5
"EinleitungZuDerKraeuterkenntnisz","Unterstützung",1
"EinleitungZuDerKraeuterkenntnisz","Verbindung",5
"EinleitungZuDerKraeuterkenntnisz","Vergleichung",3
"EinleitungZuDerKraeuterkenntnisz","Verteilung",1
"EinleitungZuDerKraeuterkenntnisz","Vertiefung",2
"Unterricht","Düngung",1
"Unterricht","Entfernung",1
"Unterricht","Gattung",1
"Unterricht","Mischung",1
"Unterricht","Pflanzung",1
"Unterricht","Säuerung",2
"Unterricht","Trocknung",1
"Unterricht","Verbesserung",1
"Unterricht","Verwahrung",1
"Unterricht","Witterung",1
"Unterricht","Zugießung",1
"GrundrissKraeuterkunde","Öffnung",2
"GrundrissKraeuterkunde","Abstufung",1
"GrundrissKraeuterkunde","Abweichung",1
"GrundrissKraeuterkunde","Ausdünstung",1
"GrundrissKraeuterkunde","Ausdehnung",1
"GrundrissKraeuterkunde","Befruchtung",1
"GrundrissKraeuterkunde","Begattung",1
"GrundrissKraeuterkunde","Berührung",2
"GrundrissKraeuterkunde","Einsaugung",1
"GrundrissKraeuterkunde","Empfindung",9
"GrundrissKraeuterkunde","Entziehung",1
"GrundrissKraeuterkunde","Erfahrung",1
"GrundrissKraeuterkunde","Erklärung",1
"GrundrissKraeuterkunde","Ernährung",1
"GrundrissKraeuterkunde","Gärung",1
"GrundrissKraeuterkunde","Höhlung",1
"GrundrissKraeuterkunde","Meinung",1
"GrundrissKraeuterkunde","Nahrung",3
"GrundrissKraeuterkunde","Ordnung",1
"GrundrissKraeuterkunde","Richtung",2
"GrundrissKraeuterkunde","Sammlung",1
"GrundrissKraeuterkunde","Untersuchung",1
"GrundrissKraeuterkunde","Verbindung",2
"GrundrissKraeuterkunde","Vergrößerung",1
"GrundrissKraeuterkunde","Verrichtung",2
"GrundrissKraeuterkunde","Verwesung",1
"GrundrissKraeuterkunde","Zerteilung",2
"GrundrissKraeuterkunde","Zusammenziehung",3
"Apothekerlexikon","Anrühmung",1
"Apothekerlexikon","Anwendung",2
"Apothekerlexikon","Anziehung",1
"Apothekerlexikon","Auflösung",1
"Apothekerlexikon","Aufwallung",1
"Apothekerlexikon","Auslegung",1
"Apothekerlexikon","Benennung",1
"Apothekerlexikon","Besserung",1
"Apothekerlexikon","Erfahrung",3
"Apothekerlexikon","Erregung",1
"Apothekerlexikon","Gährung",1
"Apothekerlexikon","Gattung",2
"Apothekerlexikon","Heilung",1
"Apothekerlexikon","Hemmung",1
"Apothekerlexikon","Lähmung",1
"Apothekerlexikon","Machung",1
"Apothekerlexikon","Mischung",1
"Apothekerlexikon","Mutmaßung",1
"Apothekerlexikon","Neigung",1
"Apothekerlexikon","Sättigung",1
"Apothekerlexikon","Schätzung",1
"Apothekerlexikon","Unterlaufung",1
"Apothekerlexikon","Verdunkelung",1
"Apothekerlexikon","Vereinigung",1
"Apothekerlexikon","Verrichtung",1
"Apothekerlexikon","Verstopfung",2
"Apothekerlexikon","Wiederherstellung",2
"Apothekerlexikon","Wirkung",5
"GetreueDarstellungUndBeschreibung","Abänderung",2
"GetreueDarstellungUndBeschreibung","Beschreibung",1
"GetreueDarstellungUndBeschreibung","Erfahrung",2
"GetreueDarstellungUndBeschreibung","Erklärung",3
"GetreueDarstellungUndBeschreibung","Gattung",2
"GetreueDarstellungUndBeschreibung","Mündung",2
"GetreueDarstellungUndBeschreibung","Sättigung",1
"GetreueDarstellungUndBeschreibung","Veranlassung",1
"GetreueDarstellungUndBeschreibung","Verdauung",1
"GetreueDarstellungUndBeschreibung","Verschleimung",1
"GetreueDarstellungUndBeschreibung","Zusammensetzung",1
"Flora-7","Abänderung",1
"Flora-7","Abweichung",1
"Flora-7","Bemerkung",1
"Flora-7","Bereisung",1
"Flora-7","Besatzung",1
"Flora-7","Empfehlung",1
"Flora-7","Machung",1
"Flora-7","Sammlung",1
"Flora-7","Tuung",1
"Flora-7","Unternehmung",1
"Flora-7","Verästelung",1
"Flora-7","Verteilung",1
"Flora-7","Zeitung",2
"Flora-6","Abteilung",1
"Flora-6","Andeutung",7
"Flora-6","Annäherung",2
"Flora-6","Übereinstimmung",1
"Flora-6","Ausdehnung",1
"Flora-6","Ausstellung",1
"Flora-6","Behandlung",1
"Flora-6","Beobachtung",1
"Flora-6","Bestimmung",1
"Flora-6","Beziehung",1
"Flora-6","Bildung",19
"Flora-6","Darstellung",1
"Flora-6","Entdeckung",1
"Flora-6","Entfaltung",1
"Flora-6","Entwicklung",9
"Flora-6","Erscheinung",2
"Flora-6","Erzeugung",1
"Flora-6","Forschung",1
"Flora-6","Gattung",1
"Flora-6","Gestaltung",2
"Flora-6","Hervorbildung",1
"Flora-6","Pflanzung",1
"Flora-6","Richtung",2
"Flora-6","Sammlung",1
"Flora-6","Schöpfung",1
"Flora-6","Steigerung",3
"Flora-6","Stellung",1
"Flora-6","Verbreitung",2
"Flora-6","Verzweigung",2
"Flora-6","Weisung",1
"Flora-6","Zeitung",3
"EigenschaftenAllerHeilpflanzen","Beförderung",1
"EigenschaftenAllerHeilpflanzen","Begießung",1
"EigenschaftenAllerHeilpflanzen","Beschattung",1
"EigenschaftenAllerHeilpflanzen","Blähung",1
"EigenschaftenAllerHeilpflanzen","Entzündung",2
"EigenschaftenAllerHeilpflanzen","Fäulung",1
"EigenschaftenAllerHeilpflanzen","Gattung",4
"EigenschaftenAllerHeilpflanzen","Haltung",1
"EigenschaftenAllerHeilpflanzen","Heilung",1
"EigenschaftenAllerHeilpflanzen","Kühlung",2
"EigenschaftenAllerHeilpflanzen","Lähmung",1
"EigenschaftenAllerHeilpflanzen","Labung",1
"EigenschaftenAllerHeilpflanzen","Neigung",1
"EigenschaftenAllerHeilpflanzen","Nutzung",1
"EigenschaftenAllerHeilpflanzen","Ordnung",1
"EigenschaftenAllerHeilpflanzen","Pflanzung",1
"EigenschaftenAllerHeilpflanzen","Reinigung",1
"EigenschaftenAllerHeilpflanzen","Stärkung",1
"EigenschaftenAllerHeilpflanzen","Stillung",1
"EigenschaftenAllerHeilpflanzen","Verdauung",4
"EigenschaftenAllerHeilpflanzen","Vermehrung",2
"EigenschaftenAllerHeilpflanzen","Verstopfung",8
"EigenschaftenAllerHeilpflanzen","Wartung",2
"EigenschaftenAllerHeilpflanzen","Wirkung",5
"EigenschaftenAllerHeilpflanzen","Zerreißung",1
"EigenschaftenAllerHeilpflanzen","Zerteilung",1
"EigenschaftenAllerHeilpflanzen","Zuckung",1
"NochEinigeWorte","Äußerung",1
"NochEinigeWorte","Abbildung",4
"NochEinigeWorte","Abhandlung",2
"NochEinigeWorte","Abschnürung",1
"NochEinigeWorte","Anschwellung",1
"NochEinigeWorte","Aufstellung",1
"NochEinigeWorte","Ausbildung",15
"NochEinigeWorte","Ausführung",1
"NochEinigeWorte","Ausgleichung",1
"NochEinigeWorte","Ausstreuung",1
"NochEinigeWorte","Bedeutung",2
"NochEinigeWorte","Bedingung",1
"NochEinigeWorte","Befruchtung",20
"NochEinigeWorte","Begattung",1
"NochEinigeWorte","Begründung",1
"NochEinigeWorte","Bemerkung",1
"NochEinigeWorte","Benennung",1
"NochEinigeWorte","Beobachtung",17
"NochEinigeWorte","Berücksichtigung",1
"NochEinigeWorte","Berührung",1
"NochEinigeWorte","Berichtigung",1
"NochEinigeWorte","Bestätigung",1
"NochEinigeWorte","Bestäubung",2
"NochEinigeWorte","Bewegung",6
"NochEinigeWorte","Bezeichnung",1
"NochEinigeWorte","Beziehung",1
"NochEinigeWorte","Bildung",18
"NochEinigeWorte","Darstellung",9
"NochEinigeWorte","Einwirkung",4
"NochEinigeWorte","Entdeckung",4
"NochEinigeWorte","Entstehung",1
"NochEinigeWorte","Entwicklung",5
"NochEinigeWorte","Erklärung",2
"NochEinigeWorte","Erläuterung",1
"NochEinigeWorte","Erscheinung",6
"NochEinigeWorte","Erzeugung",3
"NochEinigeWorte","Färbung",1
"NochEinigeWorte","Feststellung",1
"NochEinigeWorte","Fortpflanzung",1
"NochEinigeWorte","Gattung",1
"NochEinigeWorte","Mündung",1
"NochEinigeWorte","Meinung",1
"NochEinigeWorte","Mitteilung",1
"NochEinigeWorte","Neigung",1
"NochEinigeWorte","Pfropfung",1
"NochEinigeWorte","Richtung",3
"NochEinigeWorte","Täuschung",1
"NochEinigeWorte","Teilung",1
"NochEinigeWorte","Umgrenzung",1
"NochEinigeWorte","Umstürzung",1
"NochEinigeWorte","Umwandlung",1
"NochEinigeWorte","Untersuchung",6
"NochEinigeWorte","Veränderung",2
"NochEinigeWorte","Verästelung",2
"NochEinigeWorte","Veranlassung",1
"NochEinigeWorte","Verbindung",1
"NochEinigeWorte","Verdoppelung",2
"NochEinigeWorte","Verdreifachung",2
"NochEinigeWorte","Vergrößerung",8
"NochEinigeWorte","Verhandlung",1
"NochEinigeWorte","Verlängerung",1
"NochEinigeWorte","Vermutung",1
"NochEinigeWorte","Verrichtung",1
"NochEinigeWorte","Vervielfältigung",1
"NochEinigeWorte","Verwachsung",1
"NochEinigeWorte","Verwandlung",1
"NochEinigeWorte","Verwickelung",1
"NochEinigeWorte","Verzweigung",1
"NochEinigeWorte","Widerlegung",1
"NochEinigeWorte","Zeitung",1
"NochEinigeWorte","Zerteilung",1
"NochEinigeWorte","Zeugung",6
"VorlesungenUeberKraeuterkunde","Änderung",1
"VorlesungenUeberKraeuterkunde","Abhandlung",3
"VorlesungenUeberKraeuterkunde","Abmessung",1
"VorlesungenUeberKraeuterkunde","Abstoßung",1
"VorlesungenUeberKraeuterkunde","Abteilung",4
"VorlesungenUeberKraeuterkunde","Anziehung",1
"VorlesungenUeberKraeuterkunde","Ausbildung",1
"VorlesungenUeberKraeuterkunde","Ausbreitung",1
"VorlesungenUeberKraeuterkunde","Ausdehnung",2
"VorlesungenUeberKraeuterkunde","Bedeutung",1
"VorlesungenUeberKraeuterkunde","Befruchtung",3
"VorlesungenUeberKraeuterkunde","Begattung",1
"VorlesungenUeberKraeuterkunde","Bemerkung",1
"VorlesungenUeberKraeuterkunde","Benennung",1
"VorlesungenUeberKraeuterkunde","Bestimmung",2
"VorlesungenUeberKraeuterkunde","Bewegung",1
"VorlesungenUeberKraeuterkunde","Bildung",3
"VorlesungenUeberKraeuterkunde","Darstellung",2
"VorlesungenUeberKraeuterkunde","Einsaugung",1
"VorlesungenUeberKraeuterkunde","Entwicklung",4
"VorlesungenUeberKraeuterkunde","Erdichtung",1
"VorlesungenUeberKraeuterkunde","Erfahrung",1
"VorlesungenUeberKraeuterkunde","Erhöhung",1
"VorlesungenUeberKraeuterkunde","Erinnerung",1
"VorlesungenUeberKraeuterkunde","Erklärung",1
"VorlesungenUeberKraeuterkunde","Erscheinung",1
"VorlesungenUeberKraeuterkunde","Erzeugung",1
"VorlesungenUeberKraeuterkunde","Fortpflanzung",4
"VorlesungenUeberKraeuterkunde","Gattung",11
"VorlesungenUeberKraeuterkunde","Meinung",1
"VorlesungenUeberKraeuterkunde","Nachahmung",1
"VorlesungenUeberKraeuterkunde","Nachbildung",1
"VorlesungenUeberKraeuterkunde","Nahrung",3
"VorlesungenUeberKraeuterkunde","Ordnung",3
"VorlesungenUeberKraeuterkunde","Richtung",5
"VorlesungenUeberKraeuterkunde","Stellung",5
"VorlesungenUeberKraeuterkunde","Teilung",1
"VorlesungenUeberKraeuterkunde","Umgebung",1
"VorlesungenUeberKraeuterkunde","Umhüllung",1
"VorlesungenUeberKraeuterkunde","Untersuchung",2
"VorlesungenUeberKraeuterkunde","Veränderung",1
"VorlesungenUeberKraeuterkunde","Veranlassung",1
"VorlesungenUeberKraeuterkunde","Verbindung",1
"VorlesungenUeberKraeuterkunde","Verfeinerung",1
"VorlesungenUeberKraeuterkunde","Verlängerung",1
"VorlesungenUeberKraeuterkunde","Verstärkung",2
"VorlesungenUeberKraeuterkunde","Verwandlung",3
"VorlesungenUeberKraeuterkunde","Vorlesung",2
"VorlesungenUeberKraeuterkunde","Vorstellung",1
"VorlesungenUeberKraeuterkunde","Zerteilung",3
"VorlesungenUeberKraeuterkunde","Zusammenziehung",1
"GrossesIllustriertesKraeuterbuch","Abkochung",2
"GrossesIllustriertesKraeuterbuch","Annäherung",1
"GrossesIllustriertesKraeuterbuch","Anschoppung",1
"GrossesIllustriertesKraeuterbuch","Anwendung",1
"GrossesIllustriertesKraeuterbuch","Auflösung",1
"GrossesIllustriertesKraeuterbuch","Aussonderung",1
"GrossesIllustriertesKraeuterbuch","Beförderung",1
"GrossesIllustriertesKraeuterbuch","Beschädigung",1
"GrossesIllustriertesKraeuterbuch","Bewegung",1
"GrossesIllustriertesKraeuterbuch","Eiterung",1
"GrossesIllustriertesKraeuterbuch","Entfernung",1
"GrossesIllustriertesKraeuterbuch","Entzündung",3
"GrossesIllustriertesKraeuterbuch","Entziehung",1
"GrossesIllustriertesKraeuterbuch","Erschütterung",3
"GrossesIllustriertesKraeuterbuch","Gattung",12
"GrossesIllustriertesKraeuterbuch","Lähmung",3
"GrossesIllustriertesKraeuterbuch","Quetschung",4
"GrossesIllustriertesKraeuterbuch","Störung",1
"GrossesIllustriertesKraeuterbuch","Stockung",2
"GrossesIllustriertesKraeuterbuch","Verbindung",1
"GrossesIllustriertesKraeuterbuch","Verdauung",1
"GrossesIllustriertesKraeuterbuch","Verfälschung",1
"GrossesIllustriertesKraeuterbuch","Verhärtung",1
"GrossesIllustriertesKraeuterbuch","Verletzung",1
"GrossesIllustriertesKraeuterbuch","Verrenkung",1
"GrossesIllustriertesKraeuterbuch","Verschleimung",4
"GrossesIllustriertesKraeuterbuch","Verstimmung",1
"GrossesIllustriertesKraeuterbuch","Verstopfung",1
"GrossesIllustriertesKraeuterbuch","Wirkung",2
"GrossesIllustriertesKraeuterbuch","Zersetzung",1
"GrossesIllustriertesKraeuterbuch","Zusammensetzung",1
"DeutschePflanzennamen","Abbildung",2
"DeutschePflanzennamen","Ableitung",2
"DeutschePflanzennamen","Abstammung",1
"DeutschePflanzennamen","Abteilung",3
"DeutschePflanzennamen","Abwandlung",1
"DeutschePflanzennamen","Abwechslung",1
"DeutschePflanzennamen","Abweichung",4
"DeutschePflanzennamen","Abwerfung",1
"DeutschePflanzennamen","Andeutung",2
"DeutschePflanzennamen","Anfügung",1
"DeutschePflanzennamen","Anknüpfung",2
"DeutschePflanzennamen","Anordnung",1
"DeutschePflanzennamen","Anregung",1
"DeutschePflanzennamen","Anschauung",2
"DeutschePflanzennamen","Anwendung",7
"DeutschePflanzennamen","Übersetzung",4
"DeutschePflanzennamen","Übersiedlung",1
"DeutschePflanzennamen","Übertragung",12
"DeutschePflanzennamen","Bedeutung",10
"DeutschePflanzennamen","Bedingung",1
"DeutschePflanzennamen","Begründung",1
"DeutschePflanzennamen","Begrenzung",1
"DeutschePflanzennamen","Behandlung",1
"DeutschePflanzennamen","Bekleidung",1
"DeutschePflanzennamen","Bemühung",1
"DeutschePflanzennamen","Benennung",63
"DeutschePflanzennamen","Berührung",1
"DeutschePflanzennamen","Beschreibung",3
"DeutschePflanzennamen","Betrachtung",1
"DeutschePflanzennamen","Bezeichnung",6
"DeutschePflanzennamen","Beziehung",2
"DeutschePflanzennamen","Bildung",12
"DeutschePflanzennamen","Deutung",1
"DeutschePflanzennamen","Einfügung",1
"DeutschePflanzennamen","Einleitung",1
"DeutschePflanzennamen","Einteilung",2
"DeutschePflanzennamen","Endung",21
"DeutschePflanzennamen","Entscheidung",1
"DeutschePflanzennamen","Entstellung",1
"DeutschePflanzennamen","Entwicklung",4
"DeutschePflanzennamen","Erfahrung",1
"DeutschePflanzennamen","Erforschung",1
"DeutschePflanzennamen","Feststellung",3
"DeutschePflanzennamen","Forschung",1
"DeutschePflanzennamen","Gattung",34
"DeutschePflanzennamen","Gebung",5
"DeutschePflanzennamen","Hinzufügung",3
"DeutschePflanzennamen","Losreißung",1
"DeutschePflanzennamen","Mitteilung",1
"DeutschePflanzennamen","Ordnung",6
"DeutschePflanzennamen","Rechtfertigung",1
"DeutschePflanzennamen","Sammlung",4
"DeutschePflanzennamen","Sonderung",1
"DeutschePflanzennamen","Stellung",2
"DeutschePflanzennamen","Umbildung",1
"DeutschePflanzennamen","Umdeutschung",1
"DeutschePflanzennamen","Umdeutung",2
"DeutschePflanzennamen","Umgestaltung",1
"DeutschePflanzennamen","Umwandlung",4
"DeutschePflanzennamen","Unterscheidung",1
"DeutschePflanzennamen","Untersuchung",3
"DeutschePflanzennamen","Veränderung",1
"DeutschePflanzennamen","Verbindung",1
"DeutschePflanzennamen","Verbreitung",2
"DeutschePflanzennamen","Vergleichung",2
"DeutschePflanzennamen","Verstümmelung",1
"DeutschePflanzennamen","Vertiefung",1
"DeutschePflanzennamen","Verwahrlosung",1
"DeutschePflanzennamen","Verwechselung",1
"DeutschePflanzennamen","Verwendung",1
"DeutschePflanzennamen","Verwirrung",4
"DeutschePflanzennamen","Vorstellung",1
"DeutschePflanzennamen","Wirkung",1
"DeutschePflanzennamen","Zusammenfügung",2
"DeutschePflanzennamen","Zusammensetzung",39
"FloraDerPreussischenRheinlande","Abänderung",1
"FloraDerPreussischenRheinlande","Abbildung",1
"FloraDerPreussischenRheinlande","Abteilung",2
"FloraDerPreussischenRheinlande","Übereinstimmung",1
"FloraDerPreussischenRheinlande","Ausdehnung",1
"FloraDerPreussischenRheinlande","Beobachtung",3
"FloraDerPreussischenRheinlande","Berichtigung",1
"FloraDerPreussischenRheinlande","Bildung",2
"FloraDerPreussischenRheinlande","Einwirkung",1
"FloraDerPreussischenRheinlande","Entwicklung",1
"FloraDerPreussischenRheinlande","Erscheinung",3
"FloraDerPreussischenRheinlande","Färbung",1
"FloraDerPreussischenRheinlande","Gattung",14
"FloraDerPreussischenRheinlande","Mündung",2
"FloraDerPreussischenRheinlande","Messung",1
"FloraDerPreussischenRheinlande","Sammlung",1
"FloraDerPreussischenRheinlande","Teilung",1
"FloraDerPreussischenRheinlande","Unterscheidung",1
"FloraDerPreussischenRheinlande","Untersuchung",2
"FloraDerPreussischenRheinlande","Veranlassung",1
"FloraDerPreussischenRheinlande","Verwachsung",1
"FloraDerPreussischenRheinlande","Verzweigung",1
"FloraDerPreussischenRheinlande","Witterung",2
"FloraDerPreussischenRheinlande","Zerschlitzung",5
"GemeinnuetzigesKraeuterbuch","Abkochung",4
"GemeinnuetzigesKraeuterbuch","Anwendung",1
"GemeinnuetzigesKraeuterbuch","Überfüllung",2
"GemeinnuetzigesKraeuterbuch","Auflösung",1
"GemeinnuetzigesKraeuterbuch","Aufsaugung",2
"GemeinnuetzigesKraeuterbuch","Ausleerung",1
"GemeinnuetzigesKraeuterbuch","Ausscheidung",1
"GemeinnuetzigesKraeuterbuch","Austretung",1
"GemeinnuetzigesKraeuterbuch","Bähung",1
"GemeinnuetzigesKraeuterbuch","Beförderung",1
"GemeinnuetzigesKraeuterbuch","Behandlung",1
"GemeinnuetzigesKraeuterbuch","Behauptung",1
"GemeinnuetzigesKraeuterbuch","Bereitung",1
"GemeinnuetzigesKraeuterbuch","Bildung",2
"GemeinnuetzigesKraeuterbuch","Darstellung",1
"GemeinnuetzigesKraeuterbuch","Einreibung",2
"GemeinnuetzigesKraeuterbuch","Entmischung",1
"GemeinnuetzigesKraeuterbuch","Entzündung",5
"GemeinnuetzigesKraeuterbuch","Erfahrung",1
"GemeinnuetzigesKraeuterbuch","Ergießung",1
"GemeinnuetzigesKraeuterbuch","Erschütterung",3
"GemeinnuetzigesKraeuterbuch","Gattung",17
"GemeinnuetzigesKraeuterbuch","Lähmung",3
"GemeinnuetzigesKraeuterbuch","Neigung",1
"GemeinnuetzigesKraeuterbuch","Ordnung",1
"GemeinnuetzigesKraeuterbuch","Quetschung",2
"GemeinnuetzigesKraeuterbuch","Verbrennung",1
"GemeinnuetzigesKraeuterbuch","Verdauung",1
"GemeinnuetzigesKraeuterbuch","Verletzung",1
"GemeinnuetzigesKraeuterbuch","Verschleimung",1
"GemeinnuetzigesKraeuterbuch","Wirkung",4
"NatuerlichePflanzenfamilien","Anordnung",1
"NatuerlichePflanzenfamilien","Anwendung",1
"NatuerlichePflanzenfamilien","Bekleidung",2
"NatuerlichePflanzenfamilien","Bereitung",2
"NatuerlichePflanzenfamilien","Bestäubung",1
"NatuerlichePflanzenfamilien","Einfügung",1
"NatuerlichePflanzenfamilien","Gattung",12
"NatuerlichePflanzenfamilien","Ordnung",1
"NatuerlichePflanzenfamilien","Trennung",1
"NatuerlichePflanzenfamilien","Verbreitung",1
"NatuerlichePflanzenfamilien","Verlängerung",1
"Kraeuterbuch","Abbildung",1
"Kraeuterbuch","Anhäufung",1
"Kraeuterbuch","Anstrengung",1
"Kraeuterbuch","Anwendung",8
"Kraeuterbuch","Atmung",1
"Kraeuterbuch","Böschung",1
"Kraeuterbuch","Belebung",1
"Kraeuterbuch","Beschädigung",1
"Kraeuterbuch","Blähung",1
"Kraeuterbuch","Blutung",1
"Kraeuterbuch","Entblößung",1
"Kraeuterbuch","Erfahrung",1
"Kraeuterbuch","Erschüttung",1
"Kraeuterbuch","Färbung",1
"Kraeuterbuch","Gattung",1
"Kraeuterbuch","Lähmung",1
"Kraeuterbuch","Reinigung",1
"Kraeuterbuch","Störung",1
"Kraeuterbuch","Stockung",1
"Kraeuterbuch","Verbrennung",1
"Kraeuterbuch","Verdauung",2
"Kraeuterbuch","Vergiftung",1
"Kraeuterbuch","Verhärtung",2
"Kraeuterbuch","Verletzung",2
"Kraeuterbuch","Verwund",1
"Kraeuterbuch","Waschung",1
"Kraeuterbuch","Wirkung",2
